0.02887752,-0.030480424,3.145082,-0.004529309,0.03845010696359562
0.02949431,-0.031198464,3.145173,-0.0045797243,0.03936623402982348
0.030125603,-0.03193051,3.1452653,-0.004622224,0.04015616689341926
0.030771697,-0.03267867,3.145358,-0.004660699,0.04105270575842798
0.031432904,-0.033441674,3.1454518,-0.004692305,0.04188629575055981
0.032109525,-0.034220204,3.145546,-0.004718147,0.04275439829968734
0.032801867,-0.035013407,3.1456406,-0.0047363355,0.04358076050432806
0.033510223,-0.035822246,3.1457355,-0.004748642,0.04445541145081655
0.034234904,-0.036645222,3.1458306,-0.004751978,0.0452553790197279
0.03497619,-0.03748332,3.1459255,-0.004748281,0.04610457906495212
0.03573439,-0.03833612,3.1460204,-0.0047367453,0.046932808735790074
0.03650979,-0.039203573,3.146115,-0.004717362,0.04775834975355586
0.037302677,-0.040084817,3.1462092,-0.0046885633,0.04854041560977812
0.038113333,-0.0409806,3.1463027,-0.0046520713,0.049359416713281465
0.03894204,-0.041889563,3.1463954,-0.004605445,0.050109433151508176
0.03978906,-0.04281215,3.146487,-0.004549951,0.05088107199941852
0.040654656,-0.043747496,3.1465774,-0.004484289,0.05160820483573189
0.041539095,-0.044696152,3.1466663,-0.004410073,0.05236158525302871
0.04244263,-0.04565695,3.1467538,-0.004325557,0.05305521458598862
0.0433655,-0.046629693,3.1468394,-0.004231008,0.05373730770780738
0.044307947,-0.04761462,3.146923,-0.004127638,0.05442935506947158
0.045270193,-0.04860979,3.1470046,-0.004012387,0.05502247996551947
0.046252456,-0.0496164,3.1470835,-0.0038885437,0.05567307917207171
0.047254954,-0.0506329,3.14716,-0.0037539944,0.056244031533969986
0.04827788,-0.05165956,3.1472337,-0.0036103202,0.05682553982587756
0.04932143,-0.052695367,3.1473045,-0.0034566207,0.05735351635106178
0.05038578,-0.053739395,3.147372,-0.003292263,0.05783247256133451
0.051471107,-0.054792915,3.1474361,-0.0031210613,0.058371472254821574
0.052577563,-0.05585269,3.147497,-0.0029379,0.05874544411070087
0.0537053,-0.056920912,3.1475537,-0.0027485976,0.059225588886871204
0.05485446,-0.05799478,3.1476068,-0.0025490255,0.05956150646063811
0.056025166,-0.059075512,3.1476557,-0.0023431983,0.05995488776577815
0.05721753,-0.060160942,3.1477005,-0.0021283978,0.06023580103059467
0.058431663,-0.0612521,3.1477408,-0.0019083485,0.06056361515252963
0.059667654,-0.06234714,3.1477768,-0.0016811087,0.060795339493926875
0.06092559,-0.063446335,3.147808,-0.0014490024,0.061036222022181105
0.06220555,-0.064549275,3.1478348,-0.0012130078,0.061251509475635534
0.06350759,-0.065654494,3.1478567,-0.0009720623,0.061389277559317494
0.064831756,-0.066762604,3.1478736,-0.00072928454,0.06155313887812284
0.06617811,-0.06787242,3.1478858,-0.0004841892,0.06165246742031715
0.06754667,-0.06898396,3.147893,-0.00023874927,0.06174831047654136
0.06893749,-0.070097215,3.1478953,5.1321517e-06,0.0618388426305621
0.070350565,-0.07121101,3.147893,0.00024790375,0.06186552146949275
0.071785934,-0.07232536,3.1478856,0.0004876239,0.06188843123703175
0.07324359,-0.073440224,3.1478734,0.000722488,0.06190480008443999
0.07472355,-0.07455577,3.1478567,0.0009503393,0.06192448885446443
0.07622581,-0.07567053,3.1478355,0.0011722974,0.061866988222555826
0.07775038,-0.07678638,3.1478097,0.0013829131,0.06189802351279117
0.07929726,-0.077902146,3.1477802,0.0015828455,0.06186711606004838
0.08086646,-0.079018,3.1477466,0.0017702059,0.061840354763674374
0.08245799,-0.08013511,3.1477094,0.0019412007,0.061868151372364774
0.08407187,-0.08125276,3.147669,0.0020958732,0.061857967178682464
0.08570811,-0.082371615,3.1476257,0.0022317378,0.06187663737299025
0.08736676,-0.08349342,3.14758,0.0023442258,0.061980388306950455
0.08904786,-0.08461656,3.1475322,0.0024356826,0.062001135318663386
0.09075146,-0.085743956,3.1474826,0.0024995396,0.06216660488430815
0.09247766,-0.086875565,3.1474323,0.002535396,0.06232834035023821
0.09422653,-0.08801266,3.1473815,0.0025404417,0.06255269178735723
0.09599823,-0.0891565,3.147331,0.0025121034,0.06284037523707124
0.09779287,-0.09030851,3.1472814,0.0024477616,0.06319975392820047
0.09961066,-0.09147004,3.1472335,0.002345236,0.06362761047141981
0.101451784,-0.09264283,3.147188,0.0022018375,0.06414491056799171
0.1033165,-0.09382926,3.1471457,0.0020139369,0.0647840073059463
0.105205104,-0.095030725,3.1471078,0.0017802296,0.0654963076889356
0.107117906,-0.09624967,3.147075,0.0014976516,0.0663357546542854
0.109055296,-0.09748915,3.1470482,0.0011623339,0.06733302802877869
0.1110177,-0.09875133,3.147029,0.0007725688,0.0684454084593086
0.1130056,-0.1000393,3.147018,0.00032522096,0.06972038169127884
0.11501955,-0.101355836,3.1470165,-0.00018169761,0.07114164804004311
0.11706016,-0.10270481,3.1470258,-0.000751999,0.07276772998408464
0.1191281,-0.10408937,3.1470473,-0.0013875095,0.0745625865926964
0.121224135,-0.105513416,3.147082,-0.0020909866,0.07656359877452962
0.12334908,-0.106981,3.1471317,-0.0028650532,0.07878207203597518
0.12550385,-0.10849627,3.1471975,-0.0037119153,0.08122279188467002
0.12768945,-0.11006368,3.147281,-0.004633833,0.08390282239857487
0.12990698,-0.11168879,3.1473837,-0.005634686,0.0868788869621651
0.13215762,-0.113375425,3.1475074,-0.0067142737,0.0900659183587742
0.13444267,-0.11512901,3.1476533,-0.007874971,0.09354534195399324
0.13676353,-0.116955936,3.1478233,-0.009120463,0.0973674707079262
0.13912171,-0.11886118,3.1480193,-0.010450912,0.10146239778530286
0.14151885,-0.12085078,3.1482427,-0.011867958,0.10588552876798774
0.14395666,-0.122930326,3.1484952,-0.013371656,0.11061572967051322
0.14643705,-0.12510824,3.1487787,-0.014967052,0.11579683264117263
0.14896204,-0.12738901,3.1490953,-0.016650623,0.12123391540956913
0.15153375,-0.12978081,3.1494462,-0.018425481,0.12711228262115448
0.15415446,-0.13228986,3.1498337,-0.02029011,0.1333357258280245
0.15682663,-0.13492462,3.1502593,-0.022246879,0.1400207848401973
0.1595528,-0.1376919,3.1507251,-0.024293972,0.14708281704587484
0.16233572,-0.1405991,3.1512327,-0.026430186,0.15455649885675982
0.1651783,-0.14365532,3.151784,-0.028656894,0.1625255987389162
0.16808353,-0.14686692,3.1523807,-0.030969387,0.17085742626731576
0.17105466,-0.15024404,3.1530244,-0.0333698,0.17974191966241126
0.17409506,-0.15379342,3.1537173,-0.035852738,0.1890094656804423
0.17720826,-0.15752451,3.1544604,-0.03841763,0.19879891535568417
0.18039799,-0.1614455,3.1552558,-0.041060746,0.20904855527902044
0.18366812,-0.16556528,3.1561048,-0.043779094,0.2197942528405188
0.18702273,-0.16989198,3.157009,-0.046567593,0.23099948105688295
0.19046605,-0.17443585,3.1579695,-0.049424864,0.24277275635195905
0.19400246,-0.1792033,3.158988,-0.052341264,0.25492154381137433
0.19763659,-0.18420556,3.1600652,-0.055316385,0.2676903092951429
0.20137317,-0.18944931,3.1612027,-0.0583402,0.28085083373000386
0.20521715,-0.19494495,3.162401,-0.06140977,0.2945914610076804
0.20917363,-0.20069934,3.1636612,-0.06451473,0.30873557746888447
0.2132479,-0.20672213,3.1649837,-0.06764991,0.32342235585986523
0.21744537,-0.21302126,3.1663694,-0.0708066,0.33856848544466334
0.22177167,-0.21960363,3.1678183,-0.07397377,0.35412136270540473
0.22623254,-0.22647847,3.1693304,-0.077145,0.3701993317383221
0.2308339,-0.23365289,3.170906,-0.08030953,0.3866936983398248
0.23558183,-0.24113372,3.172545,-0.08345614,0.40359252748663743
0.24048251,-0.24892834,3.1742465,-0.08657483,0.4209231746382289
0.24554226,-0.25704175,3.1760101,-0.08965103,0.43856418340419
0.25076756,-0.2654815,3.1778345,-0.092675604,0.45664369569847474
0.25616497,-0.27425215,3.179719,-0.0956339,0.47501243104085633
0.26174113,-0.28335914,3.1816618,-0.0985134,0.49371002747167747
0.26750284,-0.2928061,3.1836615,-0.101298645,0.5126454570576713
0.27345696,-0.3025974,3.1857157,-0.10397641,0.5318557117001737
0.27961034,-0.3127354,3.1878223,-0.10653034,0.5512381253399492
0.28597,-0.32322237,3.1899786,-0.10894457,0.5707798955928125
0.2925429,-0.33406028,3.1921816,-0.111204185,0.5904737872208423
0.29933608,-0.34524933,3.1944282,-0.11329151,0.6102182012353825
0.30635652,-0.3567892,3.1967146,-0.1151895,0.6299914549031322
0.3136113,-0.3686794,3.199037,-0.11688194,0.6497739005850016
0.32110733,-0.38091648,3.2013912,-0.11834857,0.6694197194426472
0.32885155,-0.3934979,3.203772,-0.11957265,0.688968199964602
0.3368508,-0.40641928,3.2061749,-0.12053545,0.7083176497969255
0.34511182,-0.41967505,3.208594,-0.12121832,0.7274129165676768
0.35364124,-0.43325886,3.211024,-0.12160287,0.746199974934602
0.36244553,-0.4471622,3.2134585,-0.121669,0.7645715022581443
0.37153098,-0.46137643,3.215891,-0.121398695,0.7825103623014777
0.38090375,-0.47589138,3.2183144,-0.12077361,0.7999350742349598
0.3905697,-0.49069417,3.2207217,-0.119772844,0.8167041092281637
0.40053442,-0.50577265,3.223105,-0.1183798,0.8328438181359714
0.41080335,-0.52111113,3.2254562,-0.1165741,0.8481737786830836
0.42138147,-0.5366945,3.227767,-0.11433956,0.8627086461773241
0.43227354,-0.5525044,3.2300286,-0.11165704,0.8762807497899274
0.4434839,-0.5685224,3.2322319,-0.10851084,0.8888785040096403
0.45501643,-0.5847271,3.2343674,-0.10488289,0.9003409300129404
0.46687475,-0.60109705,3.2364252,-0.10075906,0.9106612092504947
0.47906187,-0.6176084,3.2383955,-0.09612424,0.9197061794503059
0.49158037,-0.6342357,3.2402678,-0.09096399,0.9273807840846677
0.5044323,-0.65095216,3.2420313,-0.0852658,0.933618797600936
0.5176192,-0.6677288,3.2436752,-0.07901674,0.9382913254973504
0.5311419,-0.6845377,3.2451885,-0.07221058,0.9414466841125955
0.54500073,-0.70134515,3.24656,-0.064833626,0.9427749984938412
0.55919546,-0.71811974,3.247778,-0.05688176,0.9423928977900571
0.5737249,-0.7348269,3.248831,-0.048348695,0.9401202330414113
0.5885875,-0.7514307,3.2497075,-0.03923021,0.9358821784330762
0.6037808,-0.76789474,3.2503955,-0.029525828,0.9296461624152259
0.61930156,-0.7841798,3.2508836,-0.019234056,0.921259095101597
0.63514584,-0.8002472,3.2511597,-0.008358897,0.9107324020163322
0.6513089,-0.81605583,3.2512124,0.0030955898,0.8979416071743623
0.6677851,-0.831564,3.25103,0.015122371,0.8828367845339782
0.684568,-0.8467301,3.2506013,0.027709562,0.865417447568295
0.7016504,-0.86150974,3.2499154,0.040846437,0.8455344849588659
0.71902406,-0.8758588,3.248961,0.05451756,0.8231893237256958
0.7366799,-0.8897338,3.2477279,0.068702094,0.7984046948696544
0.7546081,-0.9030878,3.246206,0.08338216,0.7709974804280784
0.7727977,-0.9158771,3.2443855,0.09852967,0.7411202393116332
0.79123694,-0.92805535,3.2422576,0.11411835,0.7086292484495462
0.8099132,-0.9395774,3.2398136,0.13011591,0.6735840693353898
0.82881284,-0.9503968,3.2370455,0.1464899,0.6359029235449309
0.84792143,-0.96047103,3.2339463,0.16319714,0.595778526589624
0.86722356,-0.96975285,3.23051,0.18020129,0.5529689575404015
0.88670295,-0.978202,3.2267306,0.19745,0.5078163341294335
0.9063426,-0.98577297,3.2226043,0.21489947,0.4600546044224587
0.92612445,-0.99242735,3.218127,0.23249057,0.4100280759988584
0.9460298,-0.99812347,3.2132971,0.2501693,0.3575786496783322
0.9660391,-1.0028244,3.208113,0.2678718,0.302935734345243
0.98613214,-1.0064938,3.202575,0.28553298,0.24612440816525805
1.0062878,-1.0090982,3.1966846,0.30308226,0.18728827116997238
1.0264847,-1.0106059,3.1904447,0.32044587,0.126531823687845
1.0467005,-1.0109904,3.18386,0.33754218,0.0640865705789535
1.0669124,-1.010224,3.1769369,0.3542928,-7.529785315441018e-05
1.0870973,-1.0082874,3.1696825,0.3706055,-0.06553908934955466
1.1072315,-1.0051609,3.1621072,0.38639262,-0.13233197257991236
1.1272911,-1.0008321,3.154222,0.40155485,-0.2000563898881884
1.1472521,-0.99529004,3.1460407,0.41599503,-0.2686414930550889
1.16709,-0.9885318,3.1375785,0.4296053,-0.3376730952242699
1.1867806,-0.9805567,3.1288536,0.44227967,-0.4070276234108423
1.2062997,-0.971371,3.1198852,0.45390466,-0.476327918013288
1.2256229,-0.96098644,3.1106958,0.46436423,-0.5452908860236603
1.2447267,-0.9494222,3.10131,0.47353578,-0.6135095851531362
1.2635876,-0.93670166,3.091755,0.4812985,-0.6807570569034169
1.2821828,-0.92285764,3.0820596,0.4875232,-0.7465240802166688
1.3004904,-0.9079294,3.0722566,0.4920798,-0.8104569663228807
1.318489,-0.89196336,3.0623803,0.49483693,-0.8721630951843542
1.3361585,-0.8750157,3.052468,0.4956578,-0.9311103977083075
1.3534797,-0.85715055,3.0425603,0.49440485,-0.9868512268062242
1.3704354,-0.83844006,3.0326998,0.49094158,-1.0389480335919616
1.3870091,-0.8189679,3.022932,0.48512617,-1.086770252828953
1.4031868,-0.79882497,3.0133057,0.47682104,-1.129889293440435
1.4189558,-0.7781145,3.0038717,0.46588507,-1.1676484115903305
1.4343061,-0.75694966,2.9946845,0.45217875,-1.1994809738897416
1.44923,-0.7354527,2.9858007,0.43556726,-1.2248699910854137
1.4637218,-0.7137581,2.9772797,0.41591612,-1.2431493723484932
1.4777793,-0.6920134,2.9691837,0.39308962,-1.2535907652730023
1.4914029,-0.6703727,2.961578,0.3669655,-1.2557995300931442
1.5045964,-0.6490061,2.9545288,0.33741754,-1.2489248649198856
1.5173672,-0.62809414,2.9481068,0.30432662,-1.2323668453464673
1.5297263,-0.60782653,2.9423838,0.26758444,-1.2056066507485594
1.5416884,-0.5884076,2.9374335,0.22708355,-1.1678573304765973
1.553273,-0.57005113,2.9333324,0.18272725,-1.1185766668209403
1.5645032,-0.5529834,2.9301586,0.13442475,-1.0570925545601941
1.5754074,-0.5374408,2.9279919,0.08209552,-0.9828468292143859
1.5860184,-0.52367175,2.9269135,0.025665369,-0.8951835469949171
1.5963745,-0.5119335,2.9270062,-0.034927595,-0.7936084736360486
1.6065189,-0.5024954,2.9283538,-0.09973914,-0.6774789315584266
1.6165003,-0.49563572,2.9310412,-0.16881369,-0.546297469275975
1.626373,-0.49164253,2.9351542,-0.24218647,-0.3995219535298098
1.6361978,-0.4908125,2.9407787,-0.31988135,-0.23667395964692162
1.6460407,-0.49345407,2.9480016,-0.4019176,-0.0571043414866752
1.6559743,-0.49988037,2.9569101,-0.48829615,0.13948993866956005
1.6660775,-0.5104169,2.9675906,-0.5790145,0.353812690662032
1.676436,-0.5253952,2.98013,-0.6740536,0.5862679174205869
1.6871419,-0.54515815,2.9946144,-0.7733877,0.837554723246587
1.6982945,-0.5700533,3.0111294,-0.87696844,1.108064760790338
1.71,-0.60044515,3.0297594,-0.98474765,1.3988515689083485
1.722372,-0.6366933,3.0505877,-1.0966288,1.7099130163497165
1.7355318,-0.6791996,3.073696,-1.2125567,2.0436652519836187
1.7496077,-0.72830665,3.0991626,-1.3323082,2.3975227697343477
1.7647369,-0.78452253,3.127065,-1.4559326,2.780199488746838
1.7810637,-0.84804475,3.1574743,-1.5827897,3.1766933920540907
1.7987431,-0.9197724,3.190462,-1.7135613,3.6227058240653918
1.817934,-0.99916613,3.2260842,-1.8459586,4.04701211635907
1.8388153,-1.0888002,3.264411,-1.9837906,4.606191059507125
1.8615515,-1.1846366,3.3054569,-2.1175845,4.970074838658672
1.8863703,-1.297024,3.34933,-2.2661705,5.8607305215573575
1.9133903,-1.4047399,3.3958917,-2.3862011,5.694342493893441
1.9430155,-1.5574793,3.4455173,-2.571989,8.039035212586661
1.976065,-1.7471126,3.4993238,-2.8035266,10.0
2.0128844,-1.9344211,3.557443,-3.0027475,10.0
2.0498698,-1.7642331,3.612757,-2.526984,-8.122365461534123
2.0830927,-1.5582762,3.6578186,-1.9784006,-10.0
2.1122088,-1.3535134,3.6918702,-1.4263709,-10.0
2.13724,-1.1497527,3.7148616,-0.8725721,-10.0
2.1582034,-0.94666165,3.726768,-0.31797782,-10.0
2.1751082,-0.74382484,3.727579,0.23685344,-10.0
2.1879551,-0.54079807,3.717295,0.7915108,-10.0
2.1967359,-0.3371587,3.6959233,1.3454736,-10.0
2.201435,-0.13255845,3.6634865,1.8978467,-10.0
2.2020304,0.07321912,3.6200302,2.4470744,-10.0
2.1984982,0.2801939,3.565641,2.9906282,-10.0
2.1908162,0.4881201,3.500468,3.5246758,-10.0
2.1789708,0.6964204,3.4247532,4.0437665,-10.0
2.1629632,0.9041392,3.3388653,4.540614,-10.0
2.142818,1.1099415,3.2433374,5.006086,-10.0
2.1185892,1.3121837,3.1389017,5.4295473,-10.0
2.0903661,1.5090824,3.0265114,5.7996597,-10.0
2.0582728,1.6989717,2.9073436,6.105615,-10.0
2.0224626,1.8806093,2.7827742,6.338578,-10.0
1.9831073,2.0534446,2.6543252,6.4929457,-10.0
1.9403816,2.217767,2.5235927,6.5669994,-10.0
1.8944461,2.3746812,2.3921678,6.5627637,-10.0
1.8454323,2.5259292,2.2615714,6.485169,-10.0
1.7934327,2.6736197,2.133206,6.3408732,-10.0
1.7384965,2.8199492,2.0083327,6.1371436,-10.0
1.6806301,2.9669664,1.8880693,5.881031,-10.0
1.6198016,3.1164136,1.7733979,5.5789323,-10.0
1.5559483,3.2696373,1.6651809,5.236469,-10.0
1.4889847,3.4275613,1.5641752,4.858568,-10.0
1.418811,3.5906997,1.471045,4.449634,-10.0
1.3453208,3.7592032,1.3863697,4.0137143,-10.0
1.2684081,3.9329178,1.3106508,3.5546193,-10.0
1.187972,4.111455,1.2443153,3.075979,-10.0
1.1039214,4.2942595,1.187719,2.5812461,-10.0
1.0174845,4.349836,1.1401342,2.1773157,-2.9171181304047806
0.932304,4.168331,1.0985633,1.9831283,10.0
0.85074764,3.9873817,1.0606799,1.8083194,10.0
0.7728063,3.806802,1.0261106,1.6514924,10.0
0.6984741,3.6264458,0.99450904,1.511349,10.0
0.6277477,3.4461994,0.9655535,1.3866919,10.0
0.560626,3.2659752,0.9389455,1.2764267,10.0
0.49710903,3.0857055,0.91440713,1.1795616,10.0
0.4371984,2.905339,0.8916796,1.0952078,10.0
0.3808964,2.7248356,0.87052065,1.0225788,10.0
0.3282061,2.5441651,0.8507029,0.96098864,10.0
0.27913105,2.3633034,0.83201146,0.90985125,10.0
0.23367535,2.1822312,0.8142424,0.8686785,10.0
0.19184333,2.000931,0.7972005,0.83707935,10.0
0.15363973,1.8193882,0.7806974,0.8147589,10.0
0.11906953,1.6375868,0.7645497,0.80151814,10.0
0.08813808,1.4555112,0.7485769,0.7972539,10.0
0.06085103,1.2731434,0.73259974,0.8019603,10.0
0.03721443,1.0904627,0.71643806,0.8157298,10.0
0.017234765,0.9074453,0.69990885,0.8387564,10.0
0.00091904897,0.72406286,0.68282413,0.8713388,10.0
-0.011725095,0.540282,0.6649889,0.913885,10.0
-0.020689316,0.35606346,0.6461988,0.9669178,10.0
-0.02596441,0.17136097,0.626238,1.031081,10.0
-0.02754017,-0.013879358,0.6048763,1.1071465,10.0
-0.025405234,-0.19972003,0.58186674,1.1960227,10.0
-0.01954689,-0.3862329,0.556943,1.2987618,10.0
-0.009950893,-0.57349974,0.52981585,1.416568,10.0
0.0033987353,-0.7616122,0.50017077,1.5508032,10.0
0.020519903,-0.95067126,0.4676641,1.7029905,10.0
0.041432615,-1.1407852,0.4319203,1.8748121,10.0
0.06615909,-1.3320657,0.39252853,2.0680983,10.0
0.094723746,-1.5246214,0.34904024,2.284803,10.0
0.12715308,-1.7185459,0.30096677,2.526958,10.0
0.16347514,-1.9139012,0.24777867,2.7965991,10.0
0.2037187,-2.1106915,0.18890667,3.09565,10.0
0.2479118,-2.3088272,0.12374552,3.425755,10.0
0.29607925,-2.508074,0.051661715,3.7880473,10.0
0.34423935,-2.3080027,-0.019992346,3.3820953,-10.0
0.38840365,-2.108569,-0.083810866,3.0044246,-10.0
0.42858875,-1.9101229,-0.14035223,2.6541657,-10.0
0.46481633,-1.7128351,-0.19014972,2.3297255,-10.0
0.4971102,-1.5167509,-0.23369968,2.02904,-10.0
0.52549416,-1.3218335,-0.27145413,1.7497716,-10.0
0.5499907,-1.1279941,-0.30381683,1.489445,-10.0
0.5706203,-0.93511415,-0.3311414,1.2455417,-10.0
0.5874008,-0.7430599,-0.35373127,1.0155566,-10.0
0.6003473,-0.5516908,-0.37184006,0.7970283,-10.0
0.60947204,-0.36086506,-0.38567275,0.587552,-10.0
0.6147846,-0.17044228,-0.39538682,0.38477924,-10.0
0.6162915,0.019715788,-0.40109324,0.18640947,-10.0
0.6139968,0.20974544,-0.40285742,-0.0098237675,-10.0
0.60790163,0.39978185,-0.40069956,-0.20616966,-10.0
0.5980046,0.5899603,-0.3945949,-0.40487832,-10.0
0.58430135,0.7804172,-0.38447356,-0.60821885,-10.0
0.5667851,0.97129107,-0.37021992,-0.8184961,-10.0
0.54544604,1.1627225,-0.3516718,-1.0380639,-10.0
0.52027154,1.3548533,-0.32861936,-1.2693329,-10.0
0.49124628,1.5478234,-0.30080402,-1.5147697,-10.0
0.45835212,1.7417661,-0.2679174,-1.7768824,-10.0
0.4215684,1.9367973,-0.22960076,-2.0581887,-10.0
0.3808724,2.1330016,-0.18544543,-2.3611538,-10.0
0.3362403,2.3304093,-0.1349947,-2.6880965,-10.0
0.28764835,2.5289645,-0.07774811,-3.0410423,-10.0
0.23507525,2.7284813,-0.013169263,-3.4215245,-10.0
0.18250468,2.5286906,0.051298924,-3.0298173,10.0
0.1339219,2.3297508,0.10820112,-2.6647365,10.0
0.08930755,2.131872,0.15805611,-2.324797,10.0
0.048639465,1.9351258,0.20134716,-2.0079699,10.0
0.011895101,1.7394904,0.23851326,-1.7118895,10.0
-0.020947015,1.5448835,0.26994404,-1.4340047,10.0
-0.049906306,1.3511862,0.29597718,-1.1716801,10.0
-0.0749996,1.1582592,0.3168973,-0.9222612,10.0
-0.09624081,0.96595275,0.33293608,-0.68310946,10.0
-0.113640815,0.77411276,0.34427273,-0.4516191,10.0
-0.1272074,0.5825839,0.35103476,-0.22521818,10.0
-0.13694522,0.39121094,0.35329843,-0.0013622461,10.0
-0.14285584,0.19983889,0.35108936,0.22247829,10.0
-0.14493774,0.008312868,0.34438255,0.44883287,10.0
-0.14318629,-0.18352236,0.33310232,0.6802458,10.0
-0.13759375,-0.37582216,0.31712186,0.9192884,10.0
-0.12814929,-0.56874067,0.29626256,1.1685663,10.0
-0.114838995,-0.7624277,0.27029338,1.4307176,10.0
-0.09764611,-0.9570228,0.23893033,1.7083967,10.0
-0.07655123,-1.1526451,0.2018364,2.0042396,10.0
-0.051532898,-1.3493773,0.15862261,2.3207989,10.0
-0.022568565,-1.5472425,0.10885048,2.6604435,10.0
0.010363918,-1.7461704,0.052037284,3.0252073,10.0
0.04328399,-1.545928,-0.004335069,2.615803,-10.0
0.07220555,-1.3463566,-0.05274105,2.2283063,-10.0
0.09714375,-1.1476045,-0.093600735,1.8608054,-10.0
0.118115366,-0.9496949,-0.12729047,1.5108734,-10.0
0.13513675,-0.7525657,-0.15413442,1.1757466,-10.0
0.14822242,-0.55609816,-0.17439924,0.8524525,-10.0
0.15738407,-0.36013767,-0.1882908,0.5378981,-10.0
0.16263013,-0.16450822,-0.19595237,0.2289244,-10.0
0.16396534,0.030977838,-0.1974637,-0.077659205,-10.0
0.16139069,0.2265127,-0.19284059,-0.3850546,-10.0
0.15490325,0.42228705,-0.18203479,-0.69646,-10.0
0.14449638,0.61848366,-0.16493426,-1.0150532,-10.0
0.13015997,0.8152691,-0.14136386,-1.343965,-10.0
0.111880764,1.0127821,-0.11108657,-1.6862363,-10.0
0.0896432,1.2111156,-0.073806085,-2.0447466,-10.0
0.063430496,1.4102927,-0.029170932,-2.4221084,-10.0
0.037226498,1.210211,0.015214403,-2.0195136,10.0
0.0150175905,1.0107945,0.051725622,-1.6343032,10.0
-0.0032097932,0.81205195,0.08068527,-1.263893,10.0
-0.017468492,0.613908,0.10236052,-0.90535223,10.0
-0.027769238,0.4162317,0.116957515,-0.55553,10.0
-0.034119777,0.21885765,0.12461797,-0.21114331,10.0
-0.036524333,0.021601442,0.12541714,0.13116081,10.0
-0.034983344,-0.17572814,0.119362906,0.4747597,10.0
-0.029493466,-0.37331817,0.10639569,0.82301563,10.0
-0.020047735,-0.57133967,0.08638918,1.1792327,10.0
-0.006636054,-0.7699333,0.059152007,1.5465996,10.0
0.01075403,-0.9691896,0.024430849,1.9281081,10.0
0.028135886,-0.7690884,-0.010079846,1.5253845,-10.0
0.041521214,-0.56953126,-0.0366723,1.135814,-10.0
0.05092032,-0.37044922,-0.055580255,0.7564133,-10.0
0.05634151,-0.17171517,-0.06697516,0.38395703,-10.0
0.057790168,0.026832884,-0.07096239,0.015076836,-10.0
0.055268243,0.22537352,-0.06757917,-0.35366225,-10.0
0.04877408,0.42408592,-0.056793913,-0.7256977,-10.0
0.03830256,0.6231341,-0.038506754,-1.1044059,-10.0
0.023845594,0.82264876,-0.012551537,-1.4930276,-10.0
0.009393173,0.6226707,0.01329519,-1.0934895,10.0
-0.00106405,0.4231131,0.031251557,-0.70346963,10.0
-0.0075333575,0.22385536,0.04147588,-0.31973055,10.0
-0.010019225,0.024741257,0.04406009,0.06111402,10.0
-0.008522822,-0.17440066,0.039027616,0.44251376,10.0
-0.0030418853,-0.37373894,0.0263329,0.8279064,10.0
0.006429036,-0.57342076,0.005862375,1.2206407,10.0
0.015897764,-0.3735163,-0.014557419,0.8228077,-10.0
0.021371875,-0.1739384,-0.027097914,0.43216556,-10.0
0.022856532,0.025455335,-0.031869695,0.04536802,-10.0
-1.2280297,1.3556658,3.06187,-0.6347009,0.11240899751727973
-1.2550774,1.3491461,3.0749903,-0.6763865,0.25308312540341227
-1.2819681,1.3399696,3.0889452,-0.71809256,0.39917580393808905
-1.3086478,1.3280498,3.1037333,-0.759668,0.5505310400581997
-1.3350608,1.313304,3.1193507,-0.8009508,0.706945660424946
-1.3611498,1.2956549,3.1357896,-0.8417683,0.868197138129668
-1.3868561,1.2750316,3.1530392,-0.8819343,1.033973188716045
-1.4121195,1.2513692,3.1710842,-0.9212512,1.2039975014560333
-1.4368787,1.2246107,3.1899054,-0.9595066,1.3778772582596392
-1.4610711,1.1947055,3.2094793,-0.9964776,1.5552977997974828
-1.4846336,1.1616126,3.2297783,-1.0319254,1.7357698796227794
-1.507502,1.1253031,3.250769,-1.065593,1.9186942783383483
-1.5296118,1.0857543,3.2724128,-1.097216,2.1037049420406504
-1.5508982,1.0429599,3.2946665,-1.1265066,2.289958195263896
-1.5712962,0.9969241,3.31748,-1.153167,2.4768643707273448
-1.5907413,0.94766635,3.340798,-1.1768829,2.6635941799241643
-1.6091692,0.8952226,3.3645577,-1.1973238,2.849214949899096
-1.626517,0.83964545,3.3886905,-1.2141471,3.032783263979386
-1.6427227,0.7810067,3.4131203,-1.2269974,3.2131977237524545
-1.6577259,0.7193995,3.437764,-1.2355067,3.3892174232561203
-1.6714684,0.6549386,3.4625306,-1.2392998,3.5595813650923063
-1.6838945,0.5877629,3.4873223,-1.2379954,3.7228647905860015
-1.6949518,0.5180384,3.5120332,-1.2312065,3.8774724570047816
-1.7045909,0.44595754,3.5365493,-1.2185491,4.021830523987841
-1.7127671,0.37174207,3.5607495,-1.1996437,4.154209885993772
-1.7194402,0.29564488,3.584505,-1.1741191,4.272767103029754
-1.7245755,0.21794945,3.6076798,-1.1416203,4.375691685234308
-1.728144,0.13897271,3.630131,-1.1018109,4.461038409460283
-1.7301239,0.059064038,3.651709,-1.0543802,4.526917509411156
-1.7305001,-0.02139306,3.6722586,-0.9990459,4.571383444111321
-1.7292659,-0.1019852,3.691619,-0.93556577,4.592736406711781
-1.726423,-0.18226393,3.7096252,-0.8637304,4.589051578783142
-1.7219826,-0.2617528,3.726108,-0.78337646,4.558817272218034
-1.7159653,-0.33995265,3.7408965,-0.6943935,4.50083859093996
-1.7084024,-0.41631564,3.7538164,-0.5966779,4.412654763323431
-1.6993356,-0.49034885,3.7646935,-0.49029616,4.2971975468153865
-1.688819,-0.56129676,3.7733521,-0.3749597,4.141052768583465
-1.6769142,-0.62919,3.779623,-0.25171256,3.9851203055848496
-1.6637084,-0.6913735,3.783316,-0.117327064,3.6906071906532962
-1.6492528,-0.7542041,3.7843204,0.01693475,3.7245377996705717
-1.6337751,-0.79355013,3.7822635,0.188634,2.508210455468833
-1.6169589,-0.8880891,3.7776694,0.2704391,5.365451831532681
-1.601221,-0.6856136,3.7666779,0.8287107,-10.0
-1.5895392,-0.48242012,3.744522,1.3867896,-10.0
-1.5819317,-0.27810666,3.711211,1.9441286,-10.0
-1.5784242,-0.0724018,3.6667697,2.4995182,-10.0
-1.5790454,0.134769,3.6112576,3.0507653,-10.0
-1.5838234,0.34320918,3.54479,3.5943382,-10.0
-1.5927788,0.55237585,3.4675696,4.1250095,-10.0
-1.6059171,0.7613194,3.379923,4.635569,-10.0
-1.6232209,0.9686649,3.2823424,5.116737,-10.0
-1.6446415,1.172669,3.1755233,5.5574284,-10.0
-1.6700925,1.3713832,3.060396,5.9455304,-10.0
-1.699449,1.562926,2.938132,6.269198,-10.0
-1.7325517,1.745824,2.8101246,6.518466,-10.0
-1.769219,1.9193299,2.6779344,6.686739,-10.0
-1.8092632,2.0836165,2.5432117,6.7716584,-10.0
-1.8525094,2.2397754,2.4076123,6.77505,-10.0
-1.8988122,2.3896325,2.2727196,6.702043,-10.0
-1.9480677,2.53545,2.1399925,6.5597525,-10.0
-1.9998928,2.647097,2.0110664,6.324621,-8.240484123847125
-2.050606,2.4254215,1.8899165,5.79664,10.0
-2.0969567,2.210787,1.7789468,5.306705,10.0
-2.1390805,2.0026002,1.6773956,4.854649,10.0
-2.1770985,1.8000721,1.5845158,4.4393373,10.0
-2.2111156,1.6023581,1.4995878,4.0591736,10.0
-2.2412195,1.4086391,1.4219264,3.7123802,10.0
-2.2674828,1.2181642,1.3508822,3.3971393,10.0
-2.2899632,1.0302706,1.2858423,3.1116662,10.0
-2.3087068,0.84438854,1.2262286,2.8542442,10.0
-2.3237488,0.660038,1.1714964,2.623244,10.0
-2.335116,0.47682026,1.121133,2.4171336,10.0
-2.342827,0.29440847,1.0746547,2.2344878,10.0
-2.346896,0.11253672,1.0316057,2.0739949,10.0
-2.3473308,-0.06901008,0.99155515,1.9344646,10.0
-2.3441365,-0.25040555,0.9540945,1.8148345,10.0
-2.3373146,-0.43179032,0.91883534,1.7141758,10.0
-2.3268642,-0.61327916,0.8854063,1.6316997,10.0
-2.312782,-0.79496753,0.8534505,1.5667621,10.0
-2.2950635,-0.97693664,0.82262224,1.5188688,10.0
-2.2737021,-1.1592581,0.7925844,1.4876802,10.0
-2.2486904,-1.3419981,0.7630049,1.473016,10.0
-2.220019,-1.5252202,0.7335537,1.47486,10.0
-2.187678,-1.7089884,0.70389944,1.4933659,10.0
-2.1516554,-1.8933703,0.6737059,1.5288627,10.0
-2.1119387,-2.0784378,0.6426283,1.5818611,10.0
-2.068513,-2.2642705,0.61031014,1.653059,10.0
-2.021362,-2.4509552,0.57637876,1.7433468,10.0
-1.9704684,-2.6385875,0.5404418,1.853811,10.0
-1.9158117,-2.8272717,0.5020833,1.9857345,10.0
-1.8573698,-3.0171173,0.46085957,2.1405892,10.0
-1.7951185,-3.208236,0.4162959,2.3200216,10.0
-1.7290311,-3.4007335,0.36788297,2.5258186,10.0
-1.6590793,-3.594696,0.3150749,2.7598543,10.0
-1.5852332,-3.7901716,0.25728804,3.0240004,10.0
-1.5074625,-3.9871407,0.19390249,3.319993,10.0
-1.4257385,-4.1854734,0.12426649,3.6492405,10.0
-1.3400364,-4.384878,0.047705475,4.012566,10.0
-1.2543395,-4.1848636,-0.028461237,3.6091423,-10.0
-1.1726377,-3.9854612,-0.09686233,3.2359989,-10.0
-1.0949142,-3.7870839,-0.1580997,2.8926046,-10.0
-1.021146,-3.5899472,-0.21275616,2.5776393,-10.0
-0.9513075,-3.3941288,-0.26138267,2.2892728,-10.0
-0.88537216,-3.199615,-0.30449027,2.0253818,-10.0
-0.8233146,-3.0063362,-0.34254605,1.7837073,-10.0
-0.76511115,-2.81419,-0.3759714,1.5619621,-10.0
-0.71074027,-2.6230586,-0.4051424,1.357899,-10.0
-0.66018283,-2.4328194,-0.43039078,1.1693496,-10.0
-0.61342233,-2.2433505,-0.45200598,0.994245,-10.0
-0.57044446,-2.0545356,-0.47023708,0.8306215,-10.0
-0.5312373,-1.8662641,-0.48529494,0.67661697,-10.0
-0.495791,-1.6784323,-0.4973541,0.53046244,-10.0
-0.4640977,-1.4909433,-0.5065545,0.3904693,-10.0
-0.43615156,-1.3037047,-0.5130031,0.25501454,-10.0
-0.41194844,-1.1166292,-0.51677483,0.1225249,-10.0
-0.3914859,-0.9296317,-0.5179136,-0.0085398415,-10.0
-0.37476322,-0.74262875,-0.5164326,-0.1397039,-10.0
-0.36178133,-0.55553675,-0.5123146,-0.27249262,-10.0
-0.3525429,-0.3682706,-0.50551176,-0.40844956,-10.0
-0.34705225,-0.18074208,-0.495945,-0.54915357,-10.0
-0.34531558,0.0071413685,-0.48350313,-0.69623524,-10.0
-0.34734094,0.1954778,-0.46804175,-0.851393,-10.0
-0.35313842,0.3843717,-0.4493817,-1.0164073,-10.0
-0.36272025,0.57393426,-0.42730728,-1.1931529,-10.0
-0.37610102,0.764283,-0.40156424,-1.3836075,-10.0
-0.3932976,0.9555398,-0.37185773,-1.5898536,-10.0
-0.41432947,1.1478274,-0.3378503,-1.814071,-10.0
-0.43921837,1.3412622,-0.29916006,-2.058515,-10.0
-0.46798828,1.5359432,-0.2553596,-2.3254743,-10.0
-0.50066483,1.7319344,-0.20597596,-2.6171966,-10.0
-0.5372744,1.9292399,-0.1504926,-2.935777,-10.0
-0.5778426,2.1277668,-0.08835386,-3.2829928,-10.0
-0.6223917,2.3272774,-0.018973565,-3.660079,-10.0
-0.66693777,2.12743,0.05024826,-3.2669022,10.0
-0.7074944,1.9283972,0.11189257,-2.9022026,10.0
-0.74408096,1.7304562,0.1665187,-2.5648327,10.0
-0.77672076,1.5337273,0.21465637,-2.2530248,10.0
-0.8054382,1.3382221,0.2567958,-1.9646255,10.0
-0.8302574,1.1438832,0.2933817,-1.6972697,10.0
-0.8512007,0.9506111,0.3248105,-1.4485018,10.0
-0.86828816,0.7582831,0.35142925,-1.2158554,10.0
-0.88153744,0.56676537,0.37353596,-0.9968985,10.0
-0.89096326,0.37592095,0.3913806,-0.7892592,10.0
-0.89657784,0.18561344,0.4051664,-0.59063214,10.0
-0.8983905,-0.0042908485,0.41505104,-0.3987761,10.0
-0.896408,-0.19392249,0.42114797,-0.21150336,10.0
-0.89063454,-0.38340944,0.4235274,-0.026665045,10.0
-0.88107175,-0.5728782,0.42221662,0.15786617,10.0
-0.8677187,-0.76245487,0.41720062,0.34421492,10.0
-0.850572,-0.952267,0.40842167,0.53452194,10.0
-0.8296256,-1.1424443,0.39577886,0.73096204,10.0
-0.8048709,-1.3331194,0.37912747,0.93575966,10.0
-0.7762966,-1.5244281,0.35827756,1.1512009,10.0
-0.7438886,-1.7165077,0.33299282,1.3796388,10.0
-0.7076302,-1.9094934,0.30298924,1.6234894,10.0
-0.667502,-2.103512,0.26793408,1.8852128,10.0
-0.62348217,-2.2986715,0.22744514,2.1672742,10.0
-0.57554704,-2.495044,0.18109147,2.4720757,10.0
-0.5236722,-2.692641,0.12839559,2.8018467,10.0
-0.4678338,-2.8913784,0.06883835,3.1584883,10.0
-0.40801093,-3.0910304,0.0018677016,3.543355,10.0
-0.3481884,-2.8913424,-0.065087296,3.1569002,-10.0
-0.2923512,-2.6925528,-0.12459577,2.7985373,-10.0
-0.24047875,-2.4948912,-0.17720722,2.4669194,-10.0
-0.19254744,-2.2984438,-0.22343825,2.1601462,-10.0
-0.14853296,-2.103201,-0.26376382,1.875981,-10.0
-0.10841185,-1.9090904,-0.29861215,1.6120106,-10.0
-0.0721625,-1.7160045,-0.32836232,1.3657529,-10.0
-0.039765682,-1.5238155,-0.35334378,1.1347269,-10.0
-0.011204812,-1.3323869,-0.37383667,0.91649187,-10.0
0.013533931,-1.1415795,-0.39007285,0.7086664,-10.0
0.03446159,-0.9512559,-0.40223724,0.5089326,-10.0
0.05158649,-0.76128083,-0.41046903,0.31503043,-10.0
0.064914264,-0.5715219,-0.41486257,0.124745995,-10.0
0.07444794,-0.38184845,-0.41546842,-0.06410427,-10.0
0.08018791,-0.19213107,-0.4122935,-0.2536916,-10.0
0.08213202,-0.0022396492,-0.40530133,-0.4461937,-10.0
0.08027546,0.18795753,-0.39441165,-0.6438128,-10.0
0.074610785,0.37859473,-0.37949976,-0.8487926,-10.0
0.06512783,0.56980896,-0.36039555,-1.0634315,-10.0
0.051813655,0.76173896,-0.33688238,-1.2900904,-10.0
0.034652576,0.9545226,-0.30869567,-1.5311923,-10.0
0.013626181,1.1482913,-0.27552193,-1.7892084,-10.0
-0.011286424,1.343161,-0.23699798,-2.0666263,-10.0
-0.04010818,1.5392172,-0.1927112,-2.3658915,-10.0
-0.07286326,1.7364931,-0.14220123,-2.6893113,-10.0
-0.109575726,1.934938,-0.08496408,-3.0389152,-10.0
-0.15026742,2.1343737,-0.020459563,-3.4162548,-10.0
-0.19095519,1.9345114,0.043873023,-3.0214753,10.0
-0.22765338,1.735468,0.10057513,-2.6530201,10.0
-0.26038083,1.5374594,0.1501596,-2.3094115,10.0
-0.28915918,1.3405608,0.19310376,-1.9886158,10.0
-0.31401056,1.1447517,0.22984047,-1.6882509,10.0
-0.334956,0.9499501,0.26075283,-1.4057388,10.0
-0.35201448,0.7560361,0.28617126,-1.1384091,10.0
-0.3652024,0.5628683,0.3063724,-0.88356316,10.0
-0.37453318,0.3702938,0.32157907,-0.6385119,10.0
-0.38001704,0.17815474,0.33196044,-0.4005915,10.0
-0.38166118,-0.0137085905,0.3376327,-0.16716594,10.0
-0.37946948,-0.20545635,0.33865958,0.06437931,10.0
-0.37344265,-0.39724866,0.3350527,0.296649,10.0
-0.36357817,-0.5892456,0.3267714,0.5322518,10.0
-0.34987038,-0.78160733,0.3137229,0.7738129,10.0
-0.33231038,-0.9744927,0.29576153,1.0239835,10.0
-0.31088614,-1.1680574,0.2726883,1.2854427,10.0
-0.28558257,-1.3624489,0.24425057,1.5608877,10.0
-0.2563818,-1.5577983,0.21014163,1.8530078,10.0
-0.22326358,-1.7542068,0.17000152,2.1644323,10.0
-0.1862061,-1.9517256,0.12341901,2.4976459,10.0
-0.1451873,-2.1503272,0.0699356,2.8548586,10.0
-0.10018675,-2.349864,0.009052822,3.2378247,10.0
-0.055188134,-2.150119,-0.051753554,2.8471153,-10.0
-0.014176191,-1.951237,-0.10499968,2.481564,-10.0
0.022868209,-1.7533801,-0.15117243,2.139444,-10.0
0.055966113,-1.5565856,-0.19071893,1.818539,-10.0
0.08513842,-1.3608068,-0.22403866,1.5163288,-10.0
0.11040449,-1.1659431,-0.25147882,1.2301245,-10.0
0.13178135,-0.97186095,-0.27333188,0.9571568,-10.0
0.14928313,-0.778408,-0.2898347,0.69463056,-10.0
0.16292079,-0.58542174,-0.3011681,0.43975383,-10.0
0.172702,-0.39273492,-0.30745733,0.18974912,-10.0
0.17863105,-0.20017819,-0.30877215,-0.0581466,-10.0
0.18070886,-0.007581559,-0.30512714,-0.30668902,-10.0
0.17893292,0.18522482,-0.29648188,-0.5586361,-10.0
0.17329735,0.37840956,-0.28274056,-0.81675726,-10.0
0.16379291,0.5721382,-0.26375186,-1.0838372,-10.0
0.15040712,0.76656914,-0.2393087,-1.3626716,-10.0
0.13312449,0.9618474,-0.20914803,-1.6560488,-10.0
0.11192677,1.1580932,-0.1729515,-1.9667087,-10.0
0.086793765,1.355385,-0.13034694,-2.2972746,-10.0
0.0577043,1.5537344,-0.08091175,-2.6501436,-10.0
0.02463791,1.7530513,-0.024178945,-3.0273294,-10.0
-0.008422706,1.5531226,0.03234892,-2.629391,10.0
-0.037492268,1.353979,0.081149,-2.2542744,10.0
-0.06258797,1.1557468,0.122659095,-1.9000229,10.0
-0.0837283,0.9584359,0.1572729,-1.5642118,10.0
-0.1009311,0.76197714,0.1853324,-1.2441196,10.0
-0.114212275,0.5662504,0.20712319,-0.9368487,10.0
-0.12358498,0.37110338,0.22287187,-0.6394056,10.0
-0.12905914,0.17636502,0.23274468,-0.34875065,10.0
-0.1306411,-0.018146297,0.23684676,-0.061824422,10.0
-0.12833355,-0.21261707,0.23522207,0.2244389,10.0
-0.12213544,-0.40723458,0.22785318,0.51310605,10.0
-0.11204196,-0.60218316,0.21466137,0.8072401,10.0
-0.09804472,-0.7976393,0.19550678,1.1098918,10.0
-0.08013192,-0.99376464,0.17018878,1.424079,10.0
-0.05828876,-1.1906952,0.13844705,1.7527484,10.0
-0.032498103,-1.388525,0.09996352,2.09871,10.0
-0.002741554,-1.5872823,0.054366145,2.464535,10.0
0.030998932,-1.7868965,0.0012350174,2.8524065,10.0
0.0647391,-1.5872488,-0.051885605,2.463472,-10.0
0.09449457,-1.3884492,-0.09745049,2.0965118,-10.0
0.12028322,-1.1905699,-0.13587812,1.7493448,-10.0
0.14212333,-0.9935837,-0.16753913,1.4193983,-10.0
0.16003191,-0.7973969,-0.19275011,1.1038572,-10.0
0.17402364,-0.6018735,-0.21176977,0.7997669,-10.0
0.1841102,-0.4068515,-0.22479695,0.50409967,-10.0
0.19029987,-0.21215382,-0.2319695,0.21379341,-10.0
0.19259728,-0.01759552,-0.23336393,-0.07422755,-10.0
0.19100335,0.1770113,-0.22899511,-0.36304274,-10.0
0.18551525,0.37185353,-0.2188164,-0.6557304,-10.0
0.17612644,0.56711274,-0.2027196,-0.95536107,-10.0
0.16282682,0.7629594,-0.18053533,-1.2649826,-10.0
0.14560314,0.9595437,-0.1520337,-1.5875913,-10.0
0.12443937,1.1569824,-0.116925776,-1.9260803,-10.0
0.09931771,1.3553383,-0.07486651,-2.2831552,-10.0
0.07021982,1.5545923,-0.0254596,-2.6612086,-10.0
0.04112899,1.3546016,0.023730064,-2.2611902,10.0
0.016030878,1.1553386,0.06511868,-1.8807524,10.0
-0.0050897617,0.9568536,0.09907508,-1.5175388,10.0
-0.022248168,0.75910145,0.1259168,-1.1688021,10.0
-0.035457984,0.5619725,0.14590374,-0.8315466,10.0
-0.04473022,0.36531588,0.15923424,-0.5026249,10.0
-0.0500726,0.16895585,0.16604275,-0.17880468,10.0
-0.05148917,-0.027296757,0.1663986,0.14318945,10.0
-0.048980154,-0.22363546,0.16030543,0.46664643,10.0
-0.04254191,-0.42025033,0.14770113,0.7948443,10.0
-0.03216711,-0.6173191,0.12845843,1.1310222,10.0
-0.017845081,-0.8149961,0.10238595,1.4783392,10.0
0.00043757088,-1.0133965,0.06923044,1.8398124,10.0
0.022695977,-1.212574,0.02868046,2.2182224,10.0
0.044945333,-1.0124614,-0.011623232,1.8149573,-10.0
0.06319857,-0.8129653,-0.044021994,1.4273016,-10.0
0.0774679,-0.61406004,-0.068801016,1.0524936,-10.0
0.08776426,-0.4156469,-0.08618698,0.6874665,-10.0
0.09409609,-0.21757977,-0.09634319,0.32896346,-10.0
0.096468605,-0.019684827,-0.09936659,-0.026380925,-10.0
0.09488339,0.17822407,-0.09528626,-0.3819795,-10.0
0.08933831,0.37633213,-0.08406298,-0.74124134,-10.0
0.07982763,0.5748101,-0.0655898,-1.10752,-10.0
0.06634249,0.77379835,-0.03969379,-1.4840499,-10.0
0.048871677,0.97338676,-0.006139196,-1.8738606,-10.0
0.031402957,0.7735839,0.027362479,-1.4787166,10.0
0.017924497,0.5743522,0.053096466,-1.0966115,10.0
0.008425611,0.37560728,0.07129373,-0.72451794,10.0
0.0028978675,0.17721204,0.08212233,-0.3591926,10.0
0.0013359173,-0.021001825,0.085684106,0.0027332131,10.0
-0.17258564,0.17666183,-3.1496713,-0.07589979,0.014594616064242949
-0.17611134,0.17591347,-3.1481085,-0.08025983,0.030257936748870895
-0.17961915,0.17487177,-3.146459,-0.08457694,0.04649901433164594
-0.1831031,0.17353003,-3.1447237,-0.08883069,0.0631602004261047
-0.18655717,0.17188269,-3.142904,-0.0929988,0.08018228177470621
-0.18997516,0.16992205,-3.1410022,-0.09706403,0.0976718537069774
-0.19335076,0.16764526,-3.13902,-0.1010002,0.11538374426193809
-0.19667763,0.16504742,-3.1369607,-0.10478624,0.133418284011658
-0.1999493,0.16212605,-3.1348274,-0.108397394,0.15165106773689963
-0.20315927,0.15887943,-3.1326237,-0.11180878,0.17004077620782865
-0.20630106,0.15530775,-3.130354,-0.114993215,0.1884876609254864
-0.2093682,0.15141216,-3.1280231,-0.11792346,0.2069410428868288
-0.21235418,0.14719437,-3.1256366,-0.12057303,0.2253653766208441
-0.21525264,0.14265887,-3.1232,-0.122912176,0.24361852241621684
-0.21805725,0.13781115,-3.12072,-0.12491152,0.2616425164155709
-0.22076187,0.13265896,-3.1182036,-0.12653983,0.27931813937316097
-0.22336048,0.1272099,-3.1156588,-0.12776907,0.29664563687333523
-0.22584726,0.12147664,-3.1130934,-0.12856428,0.3133645999735144
-0.22821665,0.11547142,-3.110517,-0.12889467,0.3294861283929795
-0.23046337,0.10920877,-3.107939,-0.12872857,0.3448877499656513
-0.23258244,0.10270637,-3.1053696,-0.1280319,0.3594013037013086
-0.23456924,0.0959823,-3.1028197,-0.12677395,0.3729973319838309
-0.23641957,0.08905967,-3.1003008,-0.12491838,0.38541127548048015
-0.2381297,0.081961006,-3.0978255,-0.122434735,0.3966627080930416
-0.23969637,0.074713886,-3.0954065,-0.11928738,0.4064847698794638
-0.2411169,0.06734577,-3.0930576,-0.11544617,0.4148713609318513
-0.24238916,0.05988861,-3.0907927,-0.110877454,0.42158335677954417
-0.24351175,0.05237712,-3.0886269,-0.10554777,0.4264685194268403
-0.24448392,0.044846304,-3.0865757,-0.099429116,0.42949755892463704
-0.24530569,0.037336797,-3.084655,-0.09248843,0.4303732077093554
-0.2459779,0.029890282,-3.082882,-0.08469705,0.4290269481438853
-0.24650227,0.022551749,-3.0812736,-0.0760264,0.4252767808833109
-0.24688143,0.015368692,-3.0798478,-0.06644982,0.41898052424379006
-0.247119,0.008391818,-3.078623,-0.055941373,0.40995975226840553
-0.2472196,0.0016736885,-3.0776181,-0.044478714,0.3981040697834879
-0.24718904,-0.0047281682,-3.0768523,-0.03203709,0.3831465152482667
-0.24703418,-0.010756402,-3.0763457,-0.018599741,0.3650773763619453
-0.24676313,-0.016347915,-3.076118,-0.004146238,0.34359025455564923
-0.24638526,-0.021439757,-3.07619,0.011335645,0.31867317301536424
-0.24591124,-0.025963131,-3.0765822,0.027861781,0.2900143834782532
-0.24535313,-0.02985048,-3.0773158,0.045437478,0.2576559927148647
-0.2447244,-0.03302717,-3.0784116,0.06407401,0.22122424493042736
-0.24403995,-0.03542097,-3.0798912,0.08376967,0.18081925655465692
-0.24331628,-0.036952417,-3.0817754,0.10452899,0.13605894870288893
-0.24257138,-0.037544683,-3.084086,0.12634304,0.08705499426372332
-0.24182488,-0.0371144,-3.0868433,0.1492078,0.03345974637887528
-0.24109805,-0.035579327,-3.0900688,0.17310894,-0.024691627480408762
-0.24041384,-0.032853767,-3.093783,0.19803096,-0.0875921191885296
-0.23979692,-0.028851807,-3.0980058,0.22395094,-0.15527392137784268
-0.23927371,-0.023484388,-3.102757,0.25084442,-0.2279154623463744
-0.23887242,-0.016661674,-3.108056,0.27868086,-0.3055771284178599
-0.23862305,-0.008294475,-3.1139214,0.307421,-0.3882480402920141
-0.23855741,0.0017098986,-3.1203704,0.3370252,-0.476125555671592
-0.23870917,0.013442647,-3.1274202,0.3674438,-0.5691571670029507
-0.23911381,0.026996257,-3.1350863,0.3986228,-0.6674298969894998
-0.23980868,0.042463534,-3.1433835,0.43050224,-0.7709821923061222
-0.24083297,0.059935868,-3.1523252,0.46301278,-0.8797671120618027
-0.2422277,0.07950517,-3.161923,0.4960801,-0.9938326743059029
-0.24403572,0.10126239,-3.1721873,0.529622,-1.1131558205501202
-0.24630168,0.12529646,-3.183127,0.5635468,-1.2376574998375158
-0.249072,0.1516964,-3.1947484,0.5977574,-1.3673657200266707
-0.25239486,0.18054649,-3.2070565,0.6321428,-1.5020660474038134
-0.25632006,0.21193114,-3.2200532,0.6665873,-1.6417861641941016
-0.26089916,0.24593058,-3.2337387,0.7009631,-1.7863376234262862
-0.26618516,0.28262186,-3.24811,0.7351322,-1.9355786065609362
-0.2722327,0.32207888,-3.263162,0.7689477,-2.0893688208084527
-0.27909774,0.3643692,-3.2788856,0.80224746,-2.247404344647892
-0.28683758,0.40955624,-3.2952688,0.8348594,-2.4094801115116535
-0.2955107,0.4576978,-3.312296,0.86660004,-2.5753276488149606
-0.30517676,0.5088441,-3.3299477,0.89727104,-2.744553311793995
-0.31589624,0.56303877,-3.3482006,0.9266628,-2.916822514864366
-0.32773048,0.6203179,-3.367027,0.9545541,-3.0917368458047054
-0.34074137,0.6806999,-3.386394,0.98069394,-3.26837604859144
-0.35499126,0.74421656,-3.4062645,1.0048641,-3.4473722306848895
-0.37054247,0.8108328,-3.426596,1.0267262,-3.625303132287872
-0.38745782,0.88062584,-3.4473407,1.0461699,-3.807760982191809
-0.4057985,0.95336807,-3.4684436,1.0625165,-3.979286487590695
-0.42562798,1.0295024,-3.489849,1.0763798,-4.173642042191847
-0.44700187,1.107813,-3.5114822,1.0852675,-4.306823577450942
-0.46999133,1.1910535,-3.5332932,1.0941399,-4.579718739920732
-0.49462357,1.2721001,-3.5551481,1.0896685,-4.491221580773232
-0.5210318,1.3686403,-3.5771036,1.1041574,-5.301509233699935
-0.5490637,1.434491,-3.5986984,1.0537229,-3.7606572965339033
-0.57932174,1.5912062,-3.6208217,1.1566197,-8.417367471414256
-0.60910493,1.3872024,-3.638514,0.6122991,10.0
-0.63481236,1.1835773,-3.6453059,0.066787526,10.0
-0.6564483,0.97999483,-3.6411846,-0.47884718,10.0
-0.67401016,0.7761125,-3.626158,-1.0235696,10.0
-0.6874888,0.57163465,-3.6002562,-1.5661111,10.0
-0.6968702,0.3663685,-3.5635397,-2.104697,10.0
-0.702138,0.16028266,-3.5161116,-2.63676,10.0
-0.7032773,-0.046432313,-3.4581368,-3.1586509,10.0
-0.7002796,-0.25330803,-3.3898664,-3.6653724,10.0
-0.69314903,-0.45955947,-3.3116663,-4.1503973,10.0
-0.68190867,-0.6640818,-3.2240486,-4.605656,10.0
-0.6666064,-0.8655049,-3.1277006,-5.0218005,10.0
-0.6473192,-1.0623221,-3.0235043,-5.388824,10.0
-0.6241539,-1.253092,-2.9125402,-5.6970277,10.0
-0.5972435,-1.4366829,-2.7960706,-5.938185,10.0
-0.56673855,-1.6125008,-2.6754982,-6.1066165,10.0
-0.53279483,-1.7806349,-2.552308,-6.1998525,10.0
-0.49555928,-1.9418737,-2.428001,-6.2186923,10.0
-0.4551568,-2.0975914,-2.3040333,-6.166671,10.0
-0.41168073,-2.2495453,-2.1817708,-6.049173,10.0
-0.36518735,-2.3996434,-2.062461,-5.8724847,10.0
-0.315695,-2.5497348,-1.9472231,-5.643019,10.0
-0.26318705,-2.7014506,-1.8370515,-5.3668294,10.0
-0.20761728,-2.8561075,-1.7328247,-5.0493956,10.0
-0.14891669,-3.0146613,-1.6353179,-4.695611,10.0
-0.08953296,-2.9245167,-1.5453846,-4.3003354,-3.927897927051589
-0.033010233,-2.7284334,-1.4630817,-3.935589,-10.0
0.01962888,-2.5360284,-1.3877417,-3.6037526,-10.0
0.068450615,-2.3465827,-1.3187242,-3.3030357,-10.0
0.1135077,-2.1594677,-1.2554244,-3.031703,-10.0
0.15484127,-1.974148,-1.1972712,-2.7881005,-10.0
0.19248259,-1.7901747,-1.1437259,-2.5706706,-10.0
0.22645475,-1.6071769,-1.0942795,-2.3779626,-10.0
0.25677413,-1.4248506,-1.0484515,-2.2086394,-10.0
0.2834516,-1.2429483,-1.0057862,-2.0614877,-10.0
0.30649355,-1.0612693,-0.9658514,-1.9354236,-10.0
0.32590276,-0.87965035,-0.92823505,-1.829501,-10.0
0.34167907,-0.6979576,-0.8925425,-1.7429183,-10.0
0.35381982,-0.5160794,-0.8583937,-1.6750239,-10.0
0.36232036,-0.33392093,-0.82542026,-1.6253233,-10.0
0.36717424,-0.15139838,-0.79326177,-1.5934844,-10.0
0.36837336,0.031565003,-0.76156294,-1.5793432,-10.0
0.3659082,0.21504286,-0.72997004,-1.5829101,-10.0
0.35976774,0.39910883,-0.69812727,-1.6043752,-10.0
0.3499394,0.58383936,-0.66567326,-1.6441156,-10.0
0.33640918,0.76931584,-0.6322371,-1.7027003,-10.0
0.3191612,0.95562637,-0.5974345,-1.7808965,-10.0
0.29817793,1.1428667,-0.56086403,-1.8796738,-10.0
0.27343968,1.3311404,-0.5221026,-2.000204,-10.0
0.24492468,1.5205574,-0.48070177,-2.1438582,-10.0
0.212609,1.7112304,-0.43618378,-2.3121912,-10.0
0.17646636,1.9032683,-0.3880382,-2.506917,-10.0
0.13646853,2.0967648,-0.33571902,-2.7298577,-10.0
0.09258563,2.291781,-0.27864343,-2.9828649,-10.0
0.04478713,2.4883182,-0.21619219,-3.2676995,-10.0
-0.006956631,2.6862805,-0.1477132,-3.585854,-10.0
-0.06267201,2.885424,-0.07252916,-3.9383113,-10.0
-0.118378714,2.6852808,0.0020545134,-3.52482,10.0
-0.1700866,2.4856334,0.06865478,-3.1399617,10.0
-0.2178102,2.2869012,0.1278403,-2.783172,10.0
-0.26157027,2.089306,0.1801597,-2.4530709,10.0
-0.3013906,1.8929286,0.22612831,-2.1477385,10.0
-0.33729544,1.6977545,0.26621944,-1.864928,10.0
-0.3693083,1.50371,0.30085948,-1.6022229,10.0
-0.39745066,1.3106861,0.33042583,-1.357143,10.0
-0.4217417,1.1185545,0.3552462,-1.127212,10.0
-0.44219786,0.92717844,0.3755991,-0.909996,10.0
-0.45883295,0.7364196,0.39171496,-0.70312124,10.0
-0.47165784,0.5461406,0.40377745,-0.50427836,10.0
-0.48068085,0.35620683,0.41192463,-0.3112159,10.0
-0.48590755,0.16648643,0.41624993,-0.12172853,10.0
-0.48734087,-0.023150483,0.4168031,0.066358976,10.0
-0.48498124,-0.21283291,0.4135905,0.2552097,10.0
-0.4788264,-0.40269035,0.40657514,0.44699338,10.0
-0.46887156,-0.59285396,0.39567655,0.64390475,10.0
-0.4551093,-0.7834575,0.38076988,0.8481801,10.0
-0.4375294,-0.9746376,0.361685,1.062111,10.0
-0.41611904,-1.1665326,0.3382054,1.2880522,10.0
-0.39086244,-1.3592803,0.31006676,1.5284207,10.0
-0.36174124,-1.5530121,0.27695593,1.7856834,10.0
-0.3287346,-1.7478443,0.2385102,2.062325,10.0
-0.29181957,-1.9438633,0.19431742,2.3607898,10.0
-0.2509719,-2.1411035,0.14391766,2.6833882,10.0
-0.20616756,-2.3395169,0.086807325,3.0321562,10.0
-0.15738454,-2.5389287,0.02244637,3.408658,10.0
-0.10860586,-2.339047,-0.041725922,3.0130205,-10.0
-0.063817225,-2.1399753,-0.09824922,2.6435714,-10.0
-0.022999983,-1.9419297,-0.1476336,2.298827,-10.0
0.013867324,-1.7449851,-0.19035347,1.9767457,-10.0
0.046806637,-1.5491209,-0.2268386,1.674936,-10.0
0.07583882,-1.3542544,-0.2574688,1.3908075,-10.0
0.100982666,-1.1602647,-0.2825709,1.1216747,-10.0
0.12225431,-0.9670095,-0.30241767,0.86482203,-10.0
0.13966691,-0.77433455,-0.31722757,0.61754054,-10.0
0.1532305,-0.58208054,-0.32716516,0.37714407,-10.0
0.16295187,-0.39008594,-0.3323415,0.14097184,-10.0
0.16883458,-0.19818874,-0.3328146,-0.09361775,-10.0
0.17087898,-0.0062268227,-0.32858977,-0.32925856,-10.0
0.16908215,0.18596184,-0.31961966,-0.5685897,-10.0
0.16343792,0.37853894,-0.3058039,-0.8142672,-10.0
0.15393694,0.5716645,-0.2869888,-1.0689721,-10.0
0.14056665,0.76549405,-0.26296678,-1.3354095,-10.0
0.1233115,0.9601732,-0.23347607,-1.6162958,-10.0
0.102153204,1.155828,-0.19820064,-1.9143268,-10.0
0.07707125,1.3525506,-0.15677123,-2.2321188,-10.0
0.048043806,1.5503764,-0.1087678,-2.5721142,-10.0
0.015049158,1.7492532,-0.053724345,-2.93644,-10.0
-0.017932164,1.5489696,0.0008631983,-2.5259652,10.0
-0.04691405,1.3493435,0.04745512,-2.1365948,10.0
-0.07191117,1.1505039,0.08645436,-1.766314,10.0
-0.092939526,0.95246,0.11821829,-1.4126128,10.0
-0.11001441,0.75513935,0.14305054,-1.072655,10.0
-0.12314908,0.5584151,0.16119587,-0.7434023,10.0
-0.13235392,0.36212647,0.17283697,-0.42169818,10.0
-0.13763584,0.16609265,0.17809266,-0.10432106,10.0
-0.13899805,-0.029877316,0.17701699,0.2119807,10.0
-0.13643989,-0.2259767,0.16959888,0.53046554,10.0
-0.12995686,-0.42239398,0.15576217,0.85437787,10.0
-0.11954083,-0.6193044,0.1353662,1.1869218,10.0
-0.10518038,-0.816859,0.1082069,1.531221,10.0
-0.086861424,-1.0151688,0.07401906,1.8902563,10.0
-0.06456825,-1.214282,0.03248005,2.2667687,10.0
-0.0422852,-1.0141219,-0.008780237,1.8621215,-10.0
-0.023999233,-0.81457925,-0.0421112,1.4734174,-10.0
-0.009698001,-0.61563855,-0.06780517,1.0979383,-10.0
0.0006297175,-0.41720757,-0.0860967,0.7326473,-10.0
0.0069927596,-0.21914427,-0.09715742,0.37430656,-10.0
0.009396799,-0.021277051,-0.10109294,0.01956222,-10.0
0.007843911,0.17657977,-0.09794117,-0.33499333,-10.0
0.0023324317,0.37461257,-0.08767173,-0.69277036,-10.0
-0.0071429308,0.57299525,-0.070186436,-1.0571315,-10.0
-0.020590696,0.771874,-0.04532083,-1.431331,-10.0
-0.038021874,0.97134775,-0.012847108,-1.8184333,-10.0
-0.055448633,0.77142113,0.019515822,-1.4201678,10.0
-0.06888231,0.5720308,0.04404242,-1.0343137,10.0
-0.078332864,0.37308893,0.060950752,-0.6578104,10.0
-0.08380794,0.17445643,0.07039539,-0.28738615,10.0
-0.08531207,-0.024035128,0.07246412,0.08035088,10.0
-0.08284627,-0.22256644,0.06717633,0.44884115,10.0
-0.076407954,-0.4213148,0.054482594,0.8215117,10.0
-0.06599116,-0.62043816,0.03426563,1.2017115,10.0
-0.05158712,-0.8200561,0.006342594,1.5926332,10.0
-0.037185337,-0.6202069,-0.02152565,1.1961961,-10.0
-0.0267757,-0.42082727,-0.041575365,0.8102676,-10.0
-0.020349871,-0.22180277,-0.05398518,0.43165717,-10.0
-0.017902244,-0.02297924,-0.058868088,0.05700926,-10.0
-0.01943052,0.17581715,-0.05626906,-0.317112,-10.0
-0.024935927,0.37476274,-0.046164133,-0.6941529,-10.0
-0.034423113,0.5740197,-0.028460866,-1.0775014,-10.0
-0.04789966,0.7737168,-0.003000298,-1.4704087,-10.0
-0.06137512,0.57390857,0.022434331,-1.0748918,10.0
-0.07085888,0.37452978,0.04005853,-0.6888406,10.0
-0.07635834,0.17545389,0.050029423,-0.30900478,10.0
-0.07787799,-0.023479328,0.05243757,0.06800588,10.0
-0.07541895,-0.2224443,0.04730503,0.44564027,10.0
-0.06897886,-0.42161238,0.034584876,0.8273345,10.0
-0.05855209,-0.62113404,0.014162211,1.2164387,10.0
-0.048130624,-0.42107433,-0.0061379066,0.81501776,-10.0
-0.04170702,-0.22132748,-0.018485522,0.42064387,-10.0
-0.03927636,-0.021754442,-0.022988368,0.029972853,-10.0
